,contracts,created_at,datadate,interest,type
0,167577,2017-06-07 10:38:03.251,2017-05-26 00:00:00.000,0.9181,long_open
1,145342,2017-06-07 10:38:03.251,2017-05-26 00:00:00.000,0.7963,short_open
2,1102415,2017-06-07 10:38:03.251,2017-05-26 00:00:00.000,0.6273,ls_turnover
3,550134,2017-06-07 10:38:03.251,2017-05-26 00:00:00.000,0.6261,long_turnover
4,552281,2017-06-07 10:38:03.251,2017-05-26 00:00:00.000,0.6285,short_turnover
0,147663,2017-06-07 10:38:03.251,2017-06-02 00:00:00.000,0.9273,long_open
1,126710,2017-06-07 10:38:03.251,2017-06-02 00:00:00.000,0.7957,short_open
2,488613,2017-06-07 10:38:03.251,2017-06-02 00:00:00.000,0.6814,ls_turnover
3,247254,2017-06-07 10:38:03.251,2017-06-02 00:00:00.000,0.6896,long_turnover
4,241359,2017-06-07 10:38:03.251,2017-06-02 00:00:00.000,0.6732,short_turnover
0,93076,2017-06-07 10:38:03.371,2015-02-06 00:00:00.000,0.8833,long_open
1,89800,2017-06-07 10:38:03.371,2015-02-06 00:00:00.000,0.8523,short_open
2,322377,2017-06-07 10:38:03.371,2015-02-06 00:00:00.000,0.5941,ls_turnover
3,161456,2017-06-07 10:38:03.371,2015-02-06 00:00:00.000,0.5951,long_turnover
4,161290,2017-06-07 10:38:03.371,2015-02-06 00:00:00.000,0.5945,short_turnover
0,96998,2017-06-07 10:38:03.362,2015-02-13 00:00:00.000,0.8831,long_open
1,92920,2017-06-07 10:38:03.362,2015-02-13 00:00:00.000,0.846,short_open
2,287726,2017-06-07 10:38:03.362,2015-02-13 00:00:00.000,0.5848,ls_turnover
3,143955,2017-06-07 10:38:03.362,2015-02-13 00:00:00.000,0.5851,long_turnover
4,143771,2017-06-07 10:38:03.362,2015-02-13 00:00:00.000,0.5844,short_turnover
0,106432,2017-06-07 10:38:03.534,2015-02-20 00:00:00.000,0.8938,long_open
1,100155,2017-06-07 10:38:03.534,2015-02-20 00:00:00.000,0.8411,short_open
2,102985,2017-06-07 10:38:03.534,2015-02-20 00:00:00.000,0.5445,ls_turnover
3,51901,2017-06-07 10:38:03.534,2015-02-20 00:00:00.000,0.5488,long_turnover
4,51652,2017-06-07 10:38:03.534,2015-02-20 00:00:00.000,0.5462,short_turnover
0,101017,2017-06-07 10:38:03.674,2015-03-20 00:00:00.000,0.8663,long_open
1,98551,2017-06-07 10:38:03.674,2015-03-20 00:00:00.000,0.8451,short_open
2,302632,2017-06-07 10:38:03.674,2015-03-20 00:00:00.000,0.5681,ls_turnover
3,151944,2017-06-07 10:38:03.674,2015-03-20 00:00:00.000,0.5705,long_turnover
4,150688,2017-06-07 10:38:03.674,2015-03-20 00:00:00.000,0.5657,short_turnover
0,122061,2017-06-07 10:38:03.666,2015-03-27 00:00:00.000,0.8948,long_open
1,114245,2017-06-07 10:38:03.666,2015-03-27 00:00:00.000,0.8375,short_open
2,593164,2017-06-07 10:38:03.666,2015-03-27 00:00:00.000,0.61,ls_turnover
3,298476,2017-06-07 10:38:03.666,2015-03-27 00:00:00.000,0.6139,long_turnover
4,294688,2017-06-07 10:38:03.666,2015-03-27 00:00:00.000,0.6061,short_turnover
0,116286,2017-06-07 10:38:03.843,2015-04-17 00:00:00.000,0.817,long_open
1,120229,2017-06-07 10:38:03.843,2015-04-17 00:00:00.000,0.8447,short_open
2,419528,2017-06-07 10:38:03.843,2015-04-17 00:00:00.000,0.5799,ls_turnover
3,209360,2017-06-07 10:38:03.843,2015-04-17 00:00:00.000,0.5788,long_turnover
4,210168,2017-06-07 10:38:03.843,2015-04-17 00:00:00.000,0.5811,short_turnover
0,141967,2017-06-07 10:38:03.834,2015-04-24 00:00:00.000,0.824,long_open
1,147913,2017-06-07 10:38:03.834,2015-04-24 00:00:00.000,0.8586,short_open
2,559616,2017-06-07 10:38:03.834,2015-04-24 00:00:00.000,0.5715,ls_turnover
3,278638,2017-06-07 10:38:03.834,2015-04-24 00:00:00.000,0.5692,long_turnover
4,281062,2017-06-07 10:38:03.834,2015-04-24 00:00:00.000,0.5741,short_turnover
0,117526,2017-06-07 10:38:03.980,2015-05-15 00:00:00.000,0.7972,long_open
1,127820,2017-06-07 10:38:03.980,2015-05-15 00:00:00.000,0.867,short_open
2,341743,2017-06-07 10:38:03.980,2015-05-15 00:00:00.000,0.6089,ls_turnover
3,170807,2017-06-07 10:38:03.980,2015-05-15 00:00:00.000,0.6086,long_turnover
4,170936,2017-06-07 10:38:03.980,2015-05-15 00:00:00.000,0.6091,short_turnover
0,129444,2017-06-07 10:38:03.972,2015-05-22 00:00:00.000,0.8239,long_open
1,137358,2017-06-07 10:38:03.972,2015-05-22 00:00:00.000,0.8743,short_open
2,408256,2017-06-07 10:38:03.972,2015-05-22 00:00:00.000,0.576,ls_turnover
3,202713,2017-06-07 10:38:03.972,2015-05-22 00:00:00.000,0.572,long_turnover
4,205730,2017-06-07 10:38:03.972,2015-05-22 00:00:00.000,0.5806,short_turnover
0,111236,2017-06-07 10:38:04.117,2015-06-19 00:00:00.000,0.811,long_open
1,117131,2017-06-07 10:38:04.117,2015-06-19 00:00:00.000,0.854,short_open
2,355411,2017-06-07 10:38:04.117,2015-06-19 00:00:00.000,0.6134,ls_turnover
3,175640,2017-06-07 10:38:04.117,2015-06-19 00:00:00.000,0.6063,long_turnover
4,179771,2017-06-07 10:38:04.117,2015-06-19 00:00:00.000,0.6205,short_turnover
0,119691,2017-06-07 10:38:04.105,2015-06-26 00:00:00.000,0.8007,long_open
1,127746,2017-06-07 10:38:04.105,2015-06-26 00:00:00.000,0.8546,short_open
2,753647,2017-06-07 10:38:04.105,2015-06-26 00:00:00.000,0.6297,ls_turnover
3,375786,2017-06-07 10:38:04.105,2015-06-26 00:00:00.000,0.6279,long_turnover
4,377861,2017-06-07 10:38:04.105,2015-06-26 00:00:00.000,0.6314,short_turnover
0,91400,2017-06-07 10:38:04.252,2015-07-17 00:00:00.000,0.8301,long_open
1,93028,2017-06-07 10:38:04.252,2015-07-17 00:00:00.000,0.8449,short_open
2,360745,2017-06-07 10:38:04.252,2015-07-17 00:00:00.000,0.6232,ls_turnover
3,179050,2017-06-07 10:38:04.252,2015-07-17 00:00:00.000,0.6186,long_turnover
4,181944,2017-06-07 10:38:04.252,2015-07-17 00:00:00.000,0.6286,short_turnover
0,99399,2017-06-07 10:38:04.251,2015-07-24 00:00:00.000,0.8203,long_open
1,100631,2017-06-07 10:38:04.251,2015-07-24 00:00:00.000,0.8304,short_open
2,331445,2017-06-07 10:38:04.251,2015-07-24 00:00:00.000,0.6004,ls_turnover
3,165123,2017-06-07 10:38:04.251,2015-07-24 00:00:00.000,0.5983,long_turnover
4,166409,2017-06-07 10:38:04.251,2015-07-24 00:00:00.000,0.6029,short_turnover
0,80335,2017-06-07 10:38:04.374,2015-08-14 00:00:00.000,0.8418,long_open
1,80402,2017-06-07 10:38:04.374,2015-08-14 00:00:00.000,0.8425,short_open
2,331734,2017-06-07 10:38:04.374,2015-08-14 00:00:00.000,0.6079,ls_turnover
3,166338,2017-06-07 10:38:04.374,2015-08-14 00:00:00.000,0.6097,long_turnover
4,165750,2017-06-07 10:38:04.374,2015-08-14 00:00:00.000,0.6075,short_turnover
0,93724,2017-06-07 10:38:04.366,2015-08-21 00:00:00.000,0.8505,long_open
1,91741,2017-06-07 10:38:04.366,2015-08-21 00:00:00.000,0.8325,short_open
2,411029,2017-06-07 10:38:04.366,2015-08-21 00:00:00.000,0.6379,ls_turnover
3,203698,2017-06-07 10:38:04.366,2015-08-21 00:00:00.000,0.6322,long_turnover
4,207892,2017-06-07 10:38:04.366,2015-08-21 00:00:00.000,0.6453,short_turnover
0,86788,2017-06-07 10:38:04.505,2015-09-11 00:00:00.000,0.8359,long_open
1,88245,2017-06-07 10:38:04.505,2015-09-11 00:00:00.000,0.8499,short_open
2,501077,2017-06-07 10:38:04.505,2015-09-11 00:00:00.000,0.6241,ls_turnover
3,250085,2017-06-07 10:38:04.505,2015-09-11 00:00:00.000,0.6229,long_turnover
4,250992,2017-06-07 10:38:04.505,2015-09-11 00:00:00.000,0.6252,short_turnover
0,85361,2017-06-07 10:38:04.505,2015-09-18 00:00:00.000,0.8376,long_open
1,86477,2017-06-07 10:38:04.505,2015-09-18 00:00:00.000,0.8485,short_open
2,448119,2017-06-07 10:38:04.505,2015-09-18 00:00:00.000,0.6185,ls_turnover
3,223500,2017-06-07 10:38:04.505,2015-09-18 00:00:00.000,0.617,long_turnover
4,224757,2017-06-07 10:38:04.505,2015-09-18 00:00:00.000,0.6205,short_turnover
0,86376,2017-06-07 10:38:04.621,2015-10-09 00:00:00.000,0.8385,long_open
1,88697,2017-06-07 10:38:04.621,2015-10-09 00:00:00.000,0.861,short_open
2,548811,2017-06-07 10:38:04.621,2015-10-09 00:00:00.000,0.6188,ls_turnover
3,274498,2017-06-07 10:38:04.621,2015-10-09 00:00:00.000,0.619,long_turnover
4,274313,2017-06-07 10:38:04.621,2015-10-09 00:00:00.000,0.6186,short_turnover
0,84308,2017-06-07 10:38:04.613,2015-10-16 00:00:00.000,0.8441,long_open
1,81153,2017-06-07 10:38:04.613,2015-10-16 00:00:00.000,0.8125,short_open
2,628930,2017-06-07 10:38:04.613,2015-10-16 00:00:00.000,0.6624,ls_turnover
3,314999,2017-06-07 10:38:04.613,2015-10-16 00:00:00.000,0.6635,long_turnover
4,315746,2017-06-07 10:38:04.613,2015-10-16 00:00:00.000,0.6651,short_turnover
0,83629,2017-06-07 10:38:04.756,2015-11-06 00:00:00.000,0.8249,long_open
1,87546,2017-06-07 10:38:04.756,2015-11-06 00:00:00.000,0.8636,short_open
2,724839,2017-06-07 10:38:04.756,2015-11-06 00:00:00.000,0.6659,ls_turnover
3,363759,2017-06-07 10:38:04.756,2015-11-06 00:00:00.000,0.6684,long_turnover
4,361415,2017-06-07 10:38:04.756,2015-11-06 00:00:00.000,0.6641,short_turnover
0,89941,2017-06-07 10:38:04.756,2015-11-13 00:00:00.000,0.8282,long_open
1,94435,2017-06-07 10:38:04.756,2015-11-13 00:00:00.000,0.8696,short_open
2,805325,2017-06-07 10:38:04.756,2015-11-13 00:00:00.000,0.6647,ls_turnover
3,401412,2017-06-07 10:38:04.756,2015-11-13 00:00:00.000,0.6627,long_turnover
4,403913,2017-06-07 10:38:04.756,2015-11-13 00:00:00.000,0.6668,short_turnover
0,86151,2017-06-07 10:38:04.997,2015-12-11 00:00:00.000,0.8265,long_open
1,90582,2017-06-07 10:38:04.997,2015-12-11 00:00:00.000,0.869,short_open
2,690157,2017-06-07 10:38:04.997,2015-12-11 00:00:00.000,0.6699,ls_turnover
3,345962,2017-06-07 10:38:04.997,2015-12-11 00:00:00.000,0.6716,long_turnover
4,344322,2017-06-07 10:38:04.997,2015-12-11 00:00:00.000,0.6684,short_turnover
0,92203,2017-06-07 10:38:04.989,2015-12-18 00:00:00.000,0.856,long_open
1,90391,2017-06-07 10:38:04.989,2015-12-18 00:00:00.000,0.8392,short_open
2,797087,2017-06-07 10:38:04.989,2015-12-18 00:00:00.000,0.6721,ls_turnover
3,400190,2017-06-07 10:38:04.989,2015-12-18 00:00:00.000,0.6749,long_turnover
4,396897,2017-06-07 10:38:04.989,2015-12-18 00:00:00.000,0.6693,short_turnover
0,93588,2017-06-07 10:38:05.134,2014-02-07 00:00:00.000,0.8176,long_open
1,98085,2017-06-07 10:38:05.134,2014-02-07 00:00:00.000,0.8569,short_open
2,266072,2017-06-07 10:38:05.134,2014-02-07 00:00:00.000,0.5344,ls_turnover
3,134870,2017-06-07 10:38:05.134,2014-02-07 00:00:00.000,0.5418,long_turnover
4,133047,2017-06-07 10:38:05.134,2014-02-07 00:00:00.000,0.5345,short_turnover
0,96982,2017-06-07 10:38:05.117,2014-02-14 00:00:00.000,0.8401,long_open
1,97869,2017-06-07 10:38:05.117,2014-02-14 00:00:00.000,0.8478,short_open
2,305520,2017-06-07 10:38:05.117,2014-02-14 00:00:00.000,0.5316,ls_turnover
3,155105,2017-06-07 10:38:05.117,2014-02-14 00:00:00.000,0.5398,long_turnover
4,151841,2017-06-07 10:38:05.117,2014-02-14 00:00:00.000,0.5285,short_turnover
0,118326,2017-06-07 10:38:05.248,2014-08-15 00:00:00.000,0.8775,long_open
1,109532,2017-06-07 10:38:05.248,2014-08-15 00:00:00.000,0.8123,short_open
2,270792,2017-06-07 10:38:05.248,2014-08-15 00:00:00.000,0.5276,ls_turnover
3,134679,2017-06-07 10:38:05.248,2014-08-15 00:00:00.000,0.5248,long_turnover
4,136403,2017-06-07 10:38:05.248,2014-08-15 00:00:00.000,0.5315,short_turnover
0,127868,2017-06-07 10:38:05.242,2014-08-22 00:00:00.000,0.8908,long_open
1,118444,2017-06-07 10:38:05.242,2014-08-22 00:00:00.000,0.8252,short_open
2,291086,2017-06-07 10:38:05.242,2014-08-22 00:00:00.000,0.5159,ls_turnover
3,145134,2017-06-07 10:38:05.242,2014-08-22 00:00:00.000,0.5144,long_turnover
4,146386,2017-06-07 10:38:05.242,2014-08-22 00:00:00.000,0.5189,short_turnover
0,112123,2017-06-07 10:38:05.387,2014-09-12 00:00:00.000,0.8658,long_open
1,108787,2017-06-07 10:38:05.387,2014-09-12 00:00:00.000,0.84,short_open
2,205332,2017-06-07 10:38:05.387,2014-09-12 00:00:00.000,0.5421,ls_turnover
3,101020,2017-06-07 10:38:05.387,2014-09-12 00:00:00.000,0.5335,long_turnover
4,104666,2017-06-07 10:38:05.387,2014-09-12 00:00:00.000,0.5527,short_turnover
0,114624,2017-06-07 10:38:05.387,2014-09-19 00:00:00.000,0.8466,long_open
1,112683,2017-06-07 10:38:05.387,2014-09-19 00:00:00.000,0.8323,short_open
2,291375,2017-06-07 10:38:05.387,2014-09-19 00:00:00.000,0.5572,ls_turnover
3,145562,2017-06-07 10:38:05.387,2014-09-19 00:00:00.000,0.5567,long_turnover
4,147275,2017-06-07 10:38:05.387,2014-09-19 00:00:00.000,0.5633,short_turnover
0,91640,2017-06-07 10:38:05.488,2014-10-17 00:00:00.000,0.8139,long_open
1,93858,2017-06-07 10:38:05.488,2014-10-17 00:00:00.000,0.8336,short_open
2,390749,2017-06-07 10:38:05.488,2014-10-17 00:00:00.000,0.5495,ls_turnover
3,193797,2017-06-07 10:38:05.488,2014-10-17 00:00:00.000,0.5451,long_turnover
4,197757,2017-06-07 10:38:05.488,2014-10-17 00:00:00.000,0.5562,short_turnover
0,102238,2017-06-07 10:38:05.480,2014-10-24 00:00:00.000,0.8158,long_open
1,98730,2017-06-07 10:38:05.480,2014-10-24 00:00:00.000,0.7878,short_open
2,371371,2017-06-07 10:38:05.480,2014-10-24 00:00:00.000,0.5599,ls_turnover
3,186088,2017-06-07 10:38:05.480,2014-10-24 00:00:00.000,0.5611,long_turnover
4,185290,2017-06-07 10:38:05.480,2014-10-24 00:00:00.000,0.5587,short_turnover
0,105514,2017-06-07 10:38:05.652,2014-11-14 00:00:00.000,0.85,long_open
1,105917,2017-06-07 10:38:05.652,2014-11-14 00:00:00.000,0.8532,short_open
2,292621,2017-06-07 10:38:05.652,2014-11-14 00:00:00.000,0.543,ls_turnover
3,147380,2017-06-07 10:38:05.652,2014-11-14 00:00:00.000,0.547,long_turnover
4,146182,2017-06-07 10:38:05.652,2014-11-14 00:00:00.000,0.5425,short_turnover
0,99763,2017-06-07 10:38:05.634,2014-11-21 00:00:00.000,0.8058,long_open
1,106909,2017-06-07 10:38:05.634,2014-11-21 00:00:00.000,0.8635,short_open
2,335513,2017-06-07 10:38:05.634,2014-11-21 00:00:00.000,0.539,ls_turnover
3,168292,2017-06-07 10:38:05.634,2014-11-21 00:00:00.000,0.5407,long_turnover
4,169129,2017-06-07 10:38:05.634,2014-11-21 00:00:00.000,0.5434,short_turnover
0,90686,2017-06-07 10:38:05.787,2014-12-19 00:00:00.000,0.7902,long_open
1,100554,2017-06-07 10:38:05.787,2014-12-19 00:00:00.000,0.8761,short_open
2,360363,2017-06-07 10:38:05.787,2014-12-19 00:00:00.000,0.547,ls_turnover
3,182381,2017-06-07 10:38:05.787,2014-12-19 00:00:00.000,0.5537,long_turnover
4,179577,2017-06-07 10:38:05.787,2014-12-19 00:00:00.000,0.5452,short_turnover
0,116868,2017-06-07 10:38:05.779,2014-12-26 00:00:00.000,0.8286,long_open
1,125461,2017-06-07 10:38:05.779,2014-12-26 00:00:00.000,0.8895,short_open
2,368734,2017-06-07 10:38:05.779,2014-12-26 00:00:00.000,0.6647,ls_turnover
3,185200,2017-06-07 10:38:05.779,2014-12-26 00:00:00.000,0.6677,long_turnover
4,183534,2017-06-07 10:38:05.779,2014-12-26 00:00:00.000,0.6617,short_turnover
0,139065,2017-06-07 10:38:05.922,2017-02-17 00:00:00.000,0.8762,long_open
1,119278,2017-06-07 10:38:05.922,2017-02-17 00:00:00.000,0.7516,short_open
2,538690,2017-06-07 10:38:05.922,2017-02-17 00:00:00.000,0.6231,ls_turnover
3,269648,2017-06-07 10:38:05.922,2017-02-17 00:00:00.000,0.6238,long_turnover
4,269042,2017-06-07 10:38:05.922,2017-02-17 00:00:00.000,0.6224,short_turnover
0,147257,2017-06-07 10:38:05.922,2017-02-24 00:00:00.000,0.871,long_open
1,133977,2017-06-07 10:38:05.922,2017-02-24 00:00:00.000,0.7924,short_open
2,1065357,2017-06-07 10:38:05.922,2017-02-24 00:00:00.000,0.6245,ls_turnover
3,531896,2017-06-07 10:38:05.922,2017-02-24 00:00:00.000,0.6236,long_turnover
4,533461,2017-06-07 10:38:05.922,2017-02-24 00:00:00.000,0.6255,short_turnover
0,94230,2017-06-07 10:38:06.022,2016-01-08 00:00:00.000,0.833,long_open
1,95473,2017-06-07 10:38:06.022,2016-01-08 00:00:00.000,0.844,short_open
2,980504,2017-06-07 10:38:06.022,2016-01-08 00:00:00.000,0.6658,ls_turnover
3,491846,2017-06-07 10:38:06.022,2016-01-08 00:00:00.000,0.6679,long_turnover
4,488658,2017-06-07 10:38:06.022,2016-01-08 00:00:00.000,0.6636,short_turnover
0,99474,2017-06-07 10:38:06.012,2016-01-15 00:00:00.000,0.8352,long_open
1,100503,2017-06-07 10:38:06.012,2016-01-15 00:00:00.000,0.8439,short_open
2,968755,2017-06-07 10:38:06.012,2016-01-15 00:00:00.000,0.6829,ls_turnover
3,485599,2017-06-07 10:38:06.012,2016-01-15 00:00:00.000,0.6846,long_turnover
4,483319,2017-06-07 10:38:06.012,2016-01-15 00:00:00.000,0.6814,short_turnover
0,101262,2017-06-07 10:38:06.154,2016-02-05 00:00:00.000,0.8553,long_open
1,98586,2017-06-07 10:38:06.154,2016-02-05 00:00:00.000,0.8327,short_open
2,784043,2017-06-07 10:38:06.154,2016-02-05 00:00:00.000,0.6665,ls_turnover
3,393201,2017-06-07 10:38:06.154,2016-02-05 00:00:00.000,0.6686,long_turnover
4,390842,2017-06-07 10:38:06.154,2016-02-05 00:00:00.000,0.6645,short_turnover
0,104372,2017-06-07 10:38:06.146,2016-02-12 00:00:00.000,0.8492,long_open
1,100479,2017-06-07 10:38:06.146,2016-02-12 00:00:00.000,0.8176,short_open
2,227521,2017-06-07 10:38:06.146,2016-02-12 00:00:00.000,0.6477,ls_turnover
3,114336,2017-06-07 10:38:06.146,2016-02-12 00:00:00.000,0.651,long_turnover
4,113185,2017-06-07 10:38:06.146,2016-02-12 00:00:00.000,0.6444,short_turnover
0,90256,2017-06-07 10:38:06.289,2016-03-11 00:00:00.000,0.8376,long_open
1,88357,2017-06-07 10:38:06.289,2016-03-11 00:00:00.000,0.82,short_open
2,785444,2017-06-07 10:38:06.289,2016-03-11 00:00:00.000,0.6777,ls_turnover
3,392896,2017-06-07 10:38:06.289,2016-03-11 00:00:00.000,0.678,long_turnover
4,392548,2017-06-07 10:38:06.289,2016-03-11 00:00:00.000,0.6774,short_turnover
0,95627,2017-06-07 10:38:06.279,2016-03-18 00:00:00.000,0.8557,long_open
1,90730,2017-06-07 10:38:06.279,2016-03-18 00:00:00.000,0.8119,short_open
2,758957,2017-06-07 10:38:06.279,2016-03-18 00:00:00.000,0.6681,ls_turnover
3,376717,2017-06-07 10:38:06.279,2016-03-18 00:00:00.000,0.6633,long_turnover
4,382240,2017-06-07 10:38:06.279,2016-03-18 00:00:00.000,0.673,short_turnover
0,103187,2017-06-07 10:38:06.419,2016-06-10 00:00:00.000,0.8752,long_open
1,95730,2017-06-07 10:38:06.419,2016-06-10 00:00:00.000,0.8119,short_open
2,584493,2017-06-07 10:38:06.419,2016-06-10 00:00:00.000,0.6899,ls_turnover
3,295389,2017-06-07 10:38:06.419,2016-06-10 00:00:00.000,0.6973,long_turnover
4,289104,2017-06-07 10:38:06.419,2016-06-10 00:00:00.000,0.6825,short_turnover
0,97295,2017-06-07 10:38:06.411,2016-06-17 00:00:00.000,0.8657,long_open
1,93002,2017-06-07 10:38:06.411,2016-06-17 00:00:00.000,0.8275,short_open
2,859667,2017-06-07 10:38:06.411,2016-06-17 00:00:00.000,0.6795,ls_turnover
3,431374,2017-06-07 10:38:06.411,2016-06-17 00:00:00.000,0.6819,long_turnover
4,428293,2017-06-07 10:38:06.411,2016-06-17 00:00:00.000,0.677,short_turnover
0,85557,2017-06-07 10:38:06.545,2016-07-08 00:00:00.000,0.8486,long_open
1,82628,2017-06-07 10:38:06.545,2016-07-08 00:00:00.000,0.8196,short_open
2,848959,2017-06-07 10:38:06.545,2016-07-08 00:00:00.000,0.6903,ls_turnover
3,423873,2017-06-07 10:38:06.545,2016-07-08 00:00:00.000,0.6893,long_turnover
4,425086,2017-06-07 10:38:06.545,2016-07-08 00:00:00.000,0.6913,short_turnover
0,98637,2017-06-07 10:38:06.538,2016-07-15 00:00:00.000,0.8552,long_open
1,92272,2017-06-07 10:38:06.538,2016-07-15 00:00:00.000,0.8,short_open
2,831502,2017-06-07 10:38:06.538,2016-07-15 00:00:00.000,0.6877,ls_turnover
3,417544,2017-06-07 10:38:06.538,2016-07-15 00:00:00.000,0.6907,long_turnover
4,414373,2017-06-07 10:38:06.538,2016-07-15 00:00:00.000,0.6854,short_turnover
0,112677,2017-06-07 10:38:06.667,2016-07-22 00:00:00.000,0.8721,long_open
1,102012,2017-06-07 10:38:06.667,2016-07-22 00:00:00.000,0.7896,short_open
2,720107,2017-06-07 10:38:06.667,2016-07-22 00:00:00.000,0.6744,ls_turnover
3,361796,2017-06-07 10:38:06.667,2016-07-22 00:00:00.000,0.6777,long_turnover
4,359004,2017-06-07 10:38:06.667,2016-07-22 00:00:00.000,0.6724,short_turnover
0,118242,2017-06-07 10:38:06.794,2016-08-12 00:00:00.000,0.8866,long_open
1,102128,2017-06-07 10:38:06.794,2016-08-12 00:00:00.000,0.7658,short_open
2,666281,2017-06-07 10:38:06.794,2016-08-12 00:00:00.000,0.6797,ls_turnover
3,332705,2017-06-07 10:38:06.794,2016-08-12 00:00:00.000,0.6788,long_turnover
4,333576,2017-06-07 10:38:06.794,2016-08-12 00:00:00.000,0.6806,short_turnover
0,129558,2017-06-07 10:38:06.790,2016-08-19 00:00:00.000,0.8961,long_open
1,111516,2017-06-07 10:38:06.790,2016-08-19 00:00:00.000,0.7713,short_open
2,751727,2017-06-07 10:38:06.790,2016-08-19 00:00:00.000,0.6797,ls_turnover
3,377516,2017-06-07 10:38:06.790,2016-08-19 00:00:00.000,0.6826,long_turnover
4,375241,2017-06-07 10:38:06.790,2016-08-19 00:00:00.000,0.6785,short_turnover
0,143788,2017-06-07 10:38:06.932,2016-09-15 00:00:00.000,0.8871,long_open
1,126870,2017-06-07 10:38:06.932,2016-09-15 00:00:00.000,0.7827,short_open
2,741341,2017-06-07 10:38:06.932,2016-09-15 00:00:00.000,0.7048,ls_turnover
3,371713,2017-06-07 10:38:06.932,2016-09-15 00:00:00.000,0.7068,long_turnover
4,369628,2017-06-07 10:38:06.932,2016-09-15 00:00:00.000,0.7029,short_turnover
0,150577,2017-06-07 10:38:06.916,2016-09-23 00:00:00.000,0.8853,long_open
1,136241,2017-06-07 10:38:06.916,2016-09-23 00:00:00.000,0.801,short_open
2,815757,2017-06-07 10:38:06.916,2016-09-23 00:00:00.000,0.6824,ls_turnover
3,407541,2017-06-07 10:38:06.916,2016-09-23 00:00:00.000,0.6819,long_turnover
4,408216,2017-06-07 10:38:06.916,2016-09-23 00:00:00.000,0.683,short_turnover
0,135134,2017-06-07 10:38:07.152,2016-10-14 00:00:00.000,0.8697,long_open
1,122539,2017-06-07 10:38:07.152,2016-10-14 00:00:00.000,0.7887,short_open
2,753315,2017-06-07 10:38:07.152,2016-10-14 00:00:00.000,0.7184,ls_turnover
3,374291,2017-06-07 10:38:07.152,2016-10-14 00:00:00.000,0.7139,long_turnover
4,379024,2017-06-07 10:38:07.152,2016-10-14 00:00:00.000,0.7229,short_turnover
0,143194,2017-06-07 10:38:07.144,2016-10-21 00:00:00.000,0.8758,long_open
1,127083,2017-06-07 10:38:07.144,2016-10-21 00:00:00.000,0.7772,short_open
2,628624,2017-06-07 10:38:07.144,2016-10-21 00:00:00.000,0.6976,ls_turnover
3,314894,2017-06-07 10:38:07.144,2016-10-21 00:00:00.000,0.6989,long_turnover
4,313730,2017-06-07 10:38:07.144,2016-10-21 00:00:00.000,0.6963,short_turnover
0,94065,2017-06-07 10:38:07.288,2011-01-14 00:00:00.000,0.857,long_open
1,86337,2017-06-07 10:38:07.288,2011-01-14 00:00:00.000,0.7866,short_open
2,307322,2017-06-07 10:38:07.288,2011-01-14 00:00:00.000,0.4429,ls_turnover
3,155008,2017-06-07 10:38:07.288,2011-01-14 00:00:00.000,0.4467,long_turnover
4,153855,2017-06-07 10:38:07.288,2011-01-14 00:00:00.000,0.4434,short_turnover
0,93843,2017-06-07 10:38:07.280,2011-01-21 00:00:00.000,0.8391,long_open
1,90730,2017-06-07 10:38:07.280,2011-01-21 00:00:00.000,0.8113,short_open
2,343992,2017-06-07 10:38:07.280,2011-01-21 00:00:00.000,0.4447,ls_turnover
3,173905,2017-06-07 10:38:07.280,2011-01-21 00:00:00.000,0.4497,long_turnover
4,170718,2017-06-07 10:38:07.280,2011-01-21 00:00:00.000,0.4414,short_turnover
0,68987,2017-06-07 10:38:07.436,2011-02-25 00:00:00.000,0.7413,long_open
1,75324,2017-06-07 10:38:07.436,2011-02-25 00:00:00.000,0.8094,short_open
2,606412,2017-06-07 10:38:07.436,2011-02-25 00:00:00.000,0.4958,ls_turnover
3,303566,2017-06-07 10:38:07.436,2011-02-25 00:00:00.000,0.4964,long_turnover
4,302846,2017-06-07 10:38:07.436,2011-02-25 00:00:00.000,0.4952,short_turnover
0,63053,2017-06-07 10:38:07.426,2011-03-04 00:00:00.000,0.766,long_open
1,69615,2017-06-07 10:38:07.426,2011-03-04 00:00:00.000,0.8457,short_open
2,373065,2017-06-07 10:38:07.426,2011-03-04 00:00:00.000,0.4644,ls_turnover
3,189086,2017-06-07 10:38:07.426,2011-03-04 00:00:00.000,0.4707,long_turnover
4,183979,2017-06-07 10:38:07.426,2011-03-04 00:00:00.000,0.458,short_turnover
0,77675,2017-06-07 10:38:07.598,2011-04-01 00:00:00.000,0.8437,long_open
1,72046,2017-06-07 10:38:07.598,2011-04-01 00:00:00.000,0.7825,short_open
2,495660,2017-06-07 10:38:07.598,2011-04-01 00:00:00.000,0.4613,ls_turnover
3,253505,2017-06-07 10:38:07.598,2011-04-01 00:00:00.000,0.4719,long_turnover
4,242155,2017-06-07 10:38:07.598,2011-04-01 00:00:00.000,0.4507,short_turnover
0,91174,2017-06-07 10:38:07.590,2011-04-08 00:00:00.000,0.8546,long_open
1,81002,2017-06-07 10:38:07.590,2011-04-08 00:00:00.000,0.7592,short_open
2,244866,2017-06-07 10:38:07.590,2011-04-08 00:00:00.000,0.4194,ls_turnover
3,127971,2017-06-07 10:38:07.590,2011-04-08 00:00:00.000,0.4384,long_turnover
4,120408,2017-06-07 10:38:07.590,2011-04-08 00:00:00.000,0.4125,short_turnover
0,77830,2017-06-07 10:38:07.757,2011-04-29 00:00:00.000,0.8029,long_open
1,76313,2017-06-07 10:38:07.757,2011-04-29 00:00:00.000,0.7872,short_open
2,514804,2017-06-07 10:38:07.757,2011-04-29 00:00:00.000,0.496,ls_turnover
3,255725,2017-06-07 10:38:07.757,2011-04-29 00:00:00.000,0.4927,long_turnover
4,259225,2017-06-07 10:38:07.757,2011-04-29 00:00:00.000,0.4995,short_turnover
0,71457,2017-06-07 10:38:07.748,2011-05-06 00:00:00.000,0.7486,long_open
1,76774,2017-06-07 10:38:07.748,2011-05-06 00:00:00.000,0.8044,short_open
2,272328,2017-06-07 10:38:07.748,2011-05-06 00:00:00.000,0.4542,ls_turnover
3,131903,2017-06-07 10:38:07.748,2011-05-06 00:00:00.000,0.44,long_turnover
4,140425,2017-06-07 10:38:07.748,2011-05-06 00:00:00.000,0.4684,short_turnover
0,116615,2017-06-07 10:38:07.909,2011-08-26 00:00:00.000,0.8316,long_open
1,119614,2017-06-07 10:38:07.909,2011-08-26 00:00:00.000,0.853,short_open
2,575107,2017-06-07 10:38:07.909,2011-08-26 00:00:00.000,0.4659,ls_turnover
3,288149,2017-06-07 10:38:07.909,2011-08-26 00:00:00.000,0.4668,long_turnover
4,287225,2017-06-07 10:38:07.909,2011-08-26 00:00:00.000,0.4653,short_turnover
0,86203,2017-06-07 10:38:07.896,2011-09-02 00:00:00.000,0.8219,long_open
1,90102,2017-06-07 10:38:07.896,2011-09-02 00:00:00.000,0.859,short_open
2,473631,2017-06-07 10:38:07.896,2011-09-02 00:00:00.000,0.467,ls_turnover
3,237864,2017-06-07 10:38:07.896,2011-09-02 00:00:00.000,0.469,long_turnover
4,237865,2017-06-07 10:38:07.896,2011-09-02 00:00:00.000,0.469,short_turnover
0,89504,2017-06-07 10:38:08.065,2011-09-16 00:00:00.000,0.8146,long_open
1,96049,2017-06-07 10:38:08.065,2011-09-16 00:00:00.000,0.8742,short_open
2,357643,2017-06-07 10:38:08.065,2011-09-16 00:00:00.000,0.4457,ls_turnover
3,177967,2017-06-07 10:38:08.065,2011-09-16 00:00:00.000,0.4436,long_turnover
4,179676,2017-06-07 10:38:08.065,2011-09-16 00:00:00.000,0.4478,short_turnover
0,98704,2017-06-07 10:38:08.065,2011-09-23 00:00:00.000,0.8206,long_open
1,104968,2017-06-07 10:38:08.065,2011-09-23 00:00:00.000,0.8727,short_open
2,544436,2017-06-07 10:38:08.065,2011-09-23 00:00:00.000,0.4695,ls_turnover
3,273738,2017-06-07 10:38:08.065,2011-09-23 00:00:00.000,0.4722,long_turnover
4,271881,2017-06-07 10:38:08.065,2011-09-23 00:00:00.000,0.4689,short_turnover
0,83567,2017-06-07 10:38:08.172,2011-10-14 00:00:00.000,0.8085,long_open
1,84771,2017-06-07 10:38:08.172,2011-10-14 00:00:00.000,0.8201,short_open
2,507624,2017-06-07 10:38:08.172,2011-10-14 00:00:00.000,0.4872,ls_turnover
3,253751,2017-06-07 10:38:08.172,2011-10-14 00:00:00.000,0.4871,long_turnover
4,253873,2017-06-07 10:38:08.172,2011-10-14 00:00:00.000,0.4873,short_turnover
0,83675,2017-06-07 10:38:08.155,2011-10-21 00:00:00.000,0.8064,long_open
1,83482,2017-06-07 10:38:08.155,2011-10-21 00:00:00.000,0.8046,short_open
2,443166,2017-06-07 10:38:08.155,2011-10-21 00:00:00.000,0.4935,ls_turnover
3,221599,2017-06-07 10:38:08.155,2011-10-21 00:00:00.000,0.4936,long_turnover
4,221567,2017-06-07 10:38:08.155,2011-10-21 00:00:00.000,0.4935,short_turnover
0,80202,2017-06-07 10:38:10.706,2011-11-18 00:00:00.000,0.8325,long_open
1,78001,2017-06-07 10:38:10.706,2011-11-18 00:00:00.000,0.8096,short_open
2,382034,2017-06-07 10:38:10.706,2011-11-18 00:00:00.000,0.4888,ls_turnover
3,190329,2017-06-07 10:38:10.706,2011-11-18 00:00:00.000,0.4871,long_turnover
4,191705,2017-06-07 10:38:10.706,2011-11-18 00:00:00.000,0.4906,short_turnover
0,97146,2017-06-07 10:38:10.688,2011-11-25 00:00:00.000,0.8356,long_open
1,98103,2017-06-07 10:38:10.688,2011-11-25 00:00:00.000,0.8438,short_open
2,488403,2017-06-07 10:38:10.688,2011-11-25 00:00:00.000,0.4908,ls_turnover
3,243706,2017-06-07 10:38:10.688,2011-11-25 00:00:00.000,0.4898,long_turnover
4,244697,2017-06-07 10:38:10.688,2011-11-25 00:00:00.000,0.4918,short_turnover
0,82159,2017-06-07 10:38:12.425,2011-12-16 00:00:00.000,0.8233,long_open
1,85722,2017-06-07 10:38:12.425,2011-12-16 00:00:00.000,0.859,short_open
2,336639,2017-06-07 10:38:12.425,2011-12-16 00:00:00.000,0.4924,ls_turnover
3,169851,2017-06-07 10:38:12.425,2011-12-16 00:00:00.000,0.4969,long_turnover
4,166788,2017-06-07 10:38:12.425,2011-12-16 00:00:00.000,0.4879,short_turnover
0,94000,2017-06-07 10:38:12.421,2011-12-23 00:00:00.000,0.8014,long_open
1,100572,2017-06-07 10:38:12.421,2011-12-23 00:00:00.000,0.8574,short_open
2,430415,2017-06-07 10:38:12.421,2011-12-23 00:00:00.000,0.5138,ls_turnover
3,215856,2017-06-07 10:38:12.421,2011-12-23 00:00:00.000,0.5153,long_turnover
4,214559,2017-06-07 10:38:12.421,2011-12-23 00:00:00.000,0.5122,short_turnover
0,59181,2017-06-07 10:38:13.590,2010-03-05 00:00:00.000,0.7875,long_open
1,62289,2017-06-07 10:38:13.590,2010-03-05 00:00:00.000,0.8289,short_open
2,287920,2017-06-07 10:38:13.590,2010-03-05 00:00:00.000,0.4288,ls_turnover
3,145534,2017-06-07 10:38:13.590,2010-03-05 00:00:00.000,0.4334,long_turnover
4,142386,2017-06-07 10:38:13.590,2010-03-05 00:00:00.000,0.4241,short_turnover
0,61411,2017-06-07 10:38:13.581,2010-03-12 00:00:00.000,0.8162,long_open
1,61105,2017-06-07 10:38:13.581,2010-03-12 00:00:00.000,0.8121,short_open
2,245319,2017-06-07 10:38:13.581,2010-03-12 00:00:00.000,0.4082,ls_turnover
3,125000,2017-06-07 10:38:13.581,2010-03-12 00:00:00.000,0.416,long_turnover
4,121703,2017-06-07 10:38:13.581,2010-03-12 00:00:00.000,0.405,short_turnover
0,76955,2017-06-07 10:38:24.886,2010-03-26 00:00:00.000,0.8043,long_open
1,81456,2017-06-07 10:38:24.886,2010-03-26 00:00:00.000,0.8514,short_open
2,397098,2017-06-07 10:38:24.886,2010-03-26 00:00:00.000,0.4337,ls_turnover
3,195658,2017-06-07 10:38:24.886,2010-03-26 00:00:00.000,0.4273,long_turnover
4,201440,2017-06-07 10:38:24.886,2010-03-26 00:00:00.000,0.44,short_turnover
0,66662,2017-06-07 10:38:24.886,2010-04-02 00:00:00.000,0.8628,long_open
1,61253,2017-06-07 10:38:24.886,2010-04-02 00:00:00.000,0.7928,short_open
2,296597,2017-06-07 10:38:24.886,2010-04-02 00:00:00.000,0.4503,ls_turnover
3,151187,2017-06-07 10:38:24.886,2010-04-02 00:00:00.000,0.459,long_turnover
4,146256,2017-06-07 10:38:24.886,2010-04-02 00:00:00.000,0.4441,short_turnover
0,72378,2017-06-07 10:38:26.118,2010-04-16 00:00:00.000,0.8344,long_open
1,66937,2017-06-07 10:38:26.118,2010-04-16 00:00:00.000,0.7717,short_open
2,260954,2017-06-07 10:38:26.118,2010-04-16 00:00:00.000,0.4111,ls_turnover
3,131694,2017-06-07 10:38:26.118,2010-04-16 00:00:00.000,0.415,long_turnover
4,129260,2017-06-07 10:38:26.118,2010-04-16 00:00:00.000,0.4073,short_turnover
0,69648,2017-06-07 10:38:26.118,2010-04-23 00:00:00.000,0.8101,long_open
1,69845,2017-06-07 10:38:26.118,2010-04-23 00:00:00.000,0.8124,short_open
2,311877,2017-06-07 10:38:26.118,2010-04-23 00:00:00.000,0.4191,ls_turnover
3,155154,2017-06-07 10:38:26.118,2010-04-23 00:00:00.000,0.417,long_turnover
4,156926,2017-06-07 10:38:26.118,2010-04-23 00:00:00.000,0.4218,short_turnover
0,64706,2017-06-07 10:38:29.415,2010-05-14 00:00:00.000,0.8032,long_open
1,67922,2017-06-07 10:38:29.415,2010-05-14 00:00:00.000,0.8431,short_open
2,359996,2017-06-07 10:38:29.415,2010-05-14 00:00:00.000,0.4224,ls_turnover
3,180756,2017-06-07 10:38:29.415,2010-05-14 00:00:00.000,0.4242,long_turnover
4,180987,2017-06-07 10:38:29.415,2010-05-14 00:00:00.000,0.4247,short_turnover
0,70216,2017-06-07 10:38:29.397,2010-05-21 00:00:00.000,0.7919,long_open
1,73806,2017-06-07 10:38:29.397,2010-05-21 00:00:00.000,0.8324,short_open
2,321519,2017-06-07 10:38:29.397,2010-05-21 00:00:00.000,0.4222,ls_turnover
3,162638,2017-06-07 10:38:29.397,2010-05-21 00:00:00.000,0.4272,long_turnover
4,161823,2017-06-07 10:38:29.397,2010-05-21 00:00:00.000,0.425,short_turnover
0,72230,2017-06-07 10:38:30.839,2010-06-18 00:00:00.000,0.8402,long_open
1,67763,2017-06-07 10:38:30.839,2010-06-18 00:00:00.000,0.7882,short_open
2,184014,2017-06-07 10:38:30.839,2010-06-18 00:00:00.000,0.4186,ls_turnover
3,93971,2017-06-07 10:38:30.839,2010-06-18 00:00:00.000,0.4275,long_turnover
4,90569,2017-06-07 10:38:30.839,2010-06-18 00:00:00.000,0.412,short_turnover
0,88760,2017-06-07 10:38:30.822,2010-06-25 00:00:00.000,0.8305,long_open
1,86040,2017-06-07 10:38:30.822,2010-06-25 00:00:00.000,0.805,short_open
2,474796,2017-06-07 10:38:30.822,2010-06-25 00:00:00.000,0.476,ls_turnover
3,236621,2017-06-07 10:38:30.822,2010-06-25 00:00:00.000,0.4744,long_turnover
4,239237,2017-06-07 10:38:30.822,2010-06-25 00:00:00.000,0.4797,short_turnover
0,67066,2017-06-07 10:38:31.907,2010-07-09 00:00:00.000,0.8705,long_open
1,60543,2017-06-07 10:38:31.907,2010-07-09 00:00:00.000,0.7858,short_open
2,286252,2017-06-07 10:38:31.907,2010-07-09 00:00:00.000,0.4499,ls_turnover
3,144809,2017-06-07 10:38:31.907,2010-07-09 00:00:00.000,0.4552,long_turnover
4,141882,2017-06-07 10:38:31.907,2010-07-09 00:00:00.000,0.446,short_turnover
0,67244,2017-06-07 10:38:31.885,2010-07-16 00:00:00.000,0.8351,long_open
1,64007,2017-06-07 10:38:31.885,2010-07-16 00:00:00.000,0.7949,short_open
2,306376,2017-06-07 10:38:31.885,2010-07-16 00:00:00.000,0.4641,ls_turnover
3,152711,2017-06-07 10:38:31.885,2010-07-16 00:00:00.000,0.4626,long_turnover
4,155278,2017-06-07 10:38:31.885,2010-07-16 00:00:00.000,0.4704,short_turnover
0,72705,2017-06-07 10:38:33.047,2010-07-23 00:00:00.000,0.8352,long_open
1,66357,2017-06-07 10:38:33.047,2010-07-23 00:00:00.000,0.7623,short_open
2,289688,2017-06-07 10:38:33.047,2010-07-23 00:00:00.000,0.4189,ls_turnover
3,147548,2017-06-07 10:38:33.047,2010-07-23 00:00:00.000,0.4268,long_turnover
4,143115,2017-06-07 10:38:33.047,2010-07-23 00:00:00.000,0.4139,short_turnover
0,88814,2017-06-07 10:38:42.055,2010-08-13 00:00:00.000,0.876,long_open
1,80986,2017-06-07 10:38:42.055,2010-08-13 00:00:00.000,0.7988,short_open
2,335879,2017-06-07 10:38:42.055,2010-08-13 00:00:00.000,0.4399,ls_turnover
3,170282,2017-06-07 10:38:42.055,2010-08-13 00:00:00.000,0.446,long_turnover
4,170601,2017-06-07 10:38:42.055,2010-08-13 00:00:00.000,0.4469,short_turnover
0,84910,2017-06-07 10:38:42.055,2010-08-20 00:00:00.000,0.8688,long_open
1,77167,2017-06-07 10:38:42.055,2010-08-20 00:00:00.000,0.7896,short_open
2,340325,2017-06-07 10:38:42.055,2010-08-20 00:00:00.000,0.4667,ls_turnover
3,169671,2017-06-07 10:38:42.055,2010-08-20 00:00:00.000,0.4653,long_turnover
4,172219,2017-06-07 10:38:42.055,2010-08-20 00:00:00.000,0.4723,short_turnover
0,91785,2017-06-07 10:38:43.368,2010-09-10 00:00:00.000,0.8709,long_open
1,84596,2017-06-07 10:38:43.368,2010-09-10 00:00:00.000,0.8027,short_open
2,308873,2017-06-07 10:38:43.368,2010-09-10 00:00:00.000,0.4333,ls_turnover
3,158755,2017-06-07 10:38:43.368,2010-09-10 00:00:00.000,0.4454,long_turnover
4,155445,2017-06-07 10:38:43.368,2010-09-10 00:00:00.000,0.4361,short_turnover
0,98958,2017-06-07 10:38:43.359,2010-09-17 00:00:00.000,0.8715,long_open
1,87550,2017-06-07 10:38:43.359,2010-09-17 00:00:00.000,0.771,short_open
2,332581,2017-06-07 10:38:43.359,2010-09-17 00:00:00.000,0.4595,ls_turnover
3,166910,2017-06-07 10:38:43.359,2010-09-17 00:00:00.000,0.4612,long_turnover
4,165671,2017-06-07 10:38:43.359,2010-09-17 00:00:00.000,0.4578,short_turnover
0,98007,2017-06-07 10:38:44.436,2010-10-15 00:00:00.000,0.8006,long_open
1,92555,2017-06-07 10:38:44.436,2010-10-15 00:00:00.000,0.756,short_open
2,376704,2017-06-07 10:38:44.436,2010-10-15 00:00:00.000,0.4551,ls_turnover
3,184302,2017-06-07 10:38:44.436,2010-10-15 00:00:00.000,0.4453,long_turnover
4,192402,2017-06-07 10:38:44.436,2010-10-15 00:00:00.000,0.4648,short_turnover
0,102084,2017-06-07 10:38:44.427,2010-10-22 00:00:00.000,0.7949,long_open
1,99003,2017-06-07 10:38:44.427,2010-10-22 00:00:00.000,0.7709,short_open
2,405404,2017-06-07 10:38:44.427,2010-10-22 00:00:00.000,0.4442,ls_turnover
3,204022,2017-06-07 10:38:44.427,2010-10-22 00:00:00.000,0.4471,long_turnover
4,201382,2017-06-07 10:38:44.427,2010-10-22 00:00:00.000,0.4413,short_turnover
0,112796,2017-06-07 10:38:46.265,2010-11-12 00:00:00.000,0.8207,long_open
1,104229,2017-06-07 10:38:46.265,2010-11-12 00:00:00.000,0.7584,short_open
2,389817,2017-06-07 10:38:46.265,2010-11-12 00:00:00.000,0.4138,ls_turnover
3,195111,2017-06-07 10:38:46.265,2010-11-12 00:00:00.000,0.4142,long_turnover
4,194706,2017-06-07 10:38:46.265,2010-11-12 00:00:00.000,0.4133,short_turnover
0,106365,2017-06-07 10:38:46.248,2010-11-19 00:00:00.000,0.8483,long_open
1,94619,2017-06-07 10:38:46.248,2010-11-19 00:00:00.000,0.7546,short_open
2,440385,2017-06-07 10:38:46.248,2010-11-19 00:00:00.000,0.4145,ls_turnover
3,222643,2017-06-07 10:38:46.248,2010-11-19 00:00:00.000,0.4191,long_turnover
4,224807,2017-06-07 10:38:46.248,2010-11-19 00:00:00.000,0.4231,short_turnover
0,83330,2017-06-07 10:38:48.040,2010-12-10 00:00:00.000,0.8535,long_open
1,74490,2017-06-07 10:38:48.040,2010-12-10 00:00:00.000,0.763,short_open
2,344752,2017-06-07 10:38:48.040,2010-12-10 00:00:00.000,0.4366,ls_turnover
3,170496,2017-06-07 10:38:48.040,2010-12-10 00:00:00.000,0.4318,long_turnover
4,174256,2017-06-07 10:38:48.040,2010-12-10 00:00:00.000,0.4414,short_turnover
0,82192,2017-06-07 10:38:48.022,2010-12-17 00:00:00.000,0.8359,long_open
1,75104,2017-06-07 10:38:48.022,2010-12-17 00:00:00.000,0.7638,short_open
2,295743,2017-06-07 10:38:48.022,2010-12-17 00:00:00.000,0.4196,ls_turnover
3,148482,2017-06-07 10:38:48.022,2010-12-17 00:00:00.000,0.4214,long_turnover
4,147710,2017-06-07 10:38:48.022,2010-12-17 00:00:00.000,0.4192,short_turnover
0,103263,2017-06-07 10:38:49.741,2013-06-14 00:00:00.000,0.8397,long_open
1,105221,2017-06-07 10:38:49.741,2013-06-14 00:00:00.000,0.8556,short_open
2,364313,2017-06-07 10:38:49.741,2013-06-14 00:00:00.000,0.5354,ls_turnover
3,183795,2017-06-07 10:38:49.741,2013-06-14 00:00:00.000,0.5402,long_turnover
4,183324,2017-06-07 10:38:49.741,2013-06-14 00:00:00.000,0.5388,short_turnover
0,127754,2017-06-07 10:38:49.733,2013-06-21 00:00:00.000,0.8344,long_open
1,134847,2017-06-07 10:38:49.733,2013-06-21 00:00:00.000,0.8807,short_open
2,480945,2017-06-07 10:38:49.733,2013-06-21 00:00:00.000,0.5311,ls_turnover
3,236684,2017-06-07 10:38:49.733,2013-06-21 00:00:00.000,0.5227,long_turnover
4,244261,2017-06-07 10:38:49.733,2013-06-21 00:00:00.000,0.5394,short_turnover
0,102484,2017-06-07 10:38:51.109,2013-09-13 00:00:00.000,0.8499,long_open
1,100441,2017-06-07 10:38:51.109,2013-09-13 00:00:00.000,0.833,short_open
2,310181,2017-06-07 10:38:51.109,2013-09-13 00:00:00.000,0.5296,ls_turnover
3,156059,2017-06-07 10:38:51.109,2013-09-13 00:00:00.000,0.5329,long_turnover
4,154309,2017-06-07 10:38:51.109,2013-09-13 00:00:00.000,0.5269,short_turnover
0,120518,2017-06-07 10:38:51.109,2013-09-20 00:00:00.000,0.8415,long_open
1,121820,2017-06-07 10:38:51.109,2013-09-20 00:00:00.000,0.8506,short_open
2,275453,2017-06-07 10:38:51.109,2013-09-20 00:00:00.000,0.5732,ls_turnover
3,138323,2017-06-07 10:38:51.109,2013-09-20 00:00:00.000,0.5757,long_turnover
4,137130,2017-06-07 10:38:51.109,2013-09-20 00:00:00.000,0.5707,short_turnover
0,113225,2017-06-07 10:38:52.224,2013-10-18 00:00:00.000,0.8614,long_open
1,105536,2017-06-07 10:38:52.224,2013-10-18 00:00:00.000,0.8029,short_open
2,218267,2017-06-07 10:38:52.224,2013-10-18 00:00:00.000,0.5244,ls_turnover
3,109458,2017-06-07 10:38:52.224,2013-10-18 00:00:00.000,0.526,long_turnover
4,108809,2017-06-07 10:38:52.224,2013-10-18 00:00:00.000,0.5228,short_turnover
0,126479,2017-06-07 10:38:52.210,2013-10-25 00:00:00.000,0.8298,long_open
1,127005,2017-06-07 10:38:52.210,2013-10-25 00:00:00.000,0.8332,short_open
2,557770,2017-06-07 10:38:52.210,2013-10-25 00:00:00.000,0.5869,ls_turnover
3,275593,2017-06-07 10:38:52.210,2013-10-25 00:00:00.000,0.58,long_turnover
4,282177,2017-06-07 10:38:52.210,2013-10-25 00:00:00.000,0.5938,short_turnover
0,78517,2017-06-07 10:38:53.129,2012-01-20 00:00:00.000,0.8214,long_open
1,81528,2017-06-07 10:38:53.129,2012-01-20 00:00:00.000,0.8529,short_open
2,362572,2017-06-07 10:38:53.129,2012-01-20 00:00:00.000,0.4832,ls_turnover
3,183481,2017-06-07 10:38:53.129,2012-01-20 00:00:00.000,0.4891,long_turnover
4,180405,2017-06-07 10:38:53.129,2012-01-20 00:00:00.000,0.4809,short_turnover
0,96053,2017-06-07 10:38:53.129,2012-01-27 00:00:00.000,0.8127,long_open
1,97546,2017-06-07 10:38:53.129,2012-01-27 00:00:00.000,0.8253,short_open
2,318564,2017-06-07 10:38:53.129,2012-01-27 00:00:00.000,0.6125,ls_turnover
3,161016,2017-06-07 10:38:53.129,2012-01-27 00:00:00.000,0.6192,long_turnover
4,157548,2017-06-07 10:38:53.129,2012-01-27 00:00:00.000,0.6058,short_turnover
0,87519,2017-06-07 10:38:54.534,2012-02-17 00:00:00.000,0.843,long_open
1,86124,2017-06-07 10:38:54.534,2012-02-17 00:00:00.000,0.8295,short_open
2,354910,2017-06-07 10:38:54.534,2012-02-17 00:00:00.000,0.4873,ls_turnover
3,178310,2017-06-07 10:38:54.534,2012-02-17 00:00:00.000,0.4897,long_turnover
4,176600,2017-06-07 10:38:54.534,2012-02-17 00:00:00.000,0.485,short_turnover
0,106508,2017-06-07 10:38:54.526,2012-02-24 00:00:00.000,0.8487,long_open
1,105141,2017-06-07 10:38:54.526,2012-02-24 00:00:00.000,0.8378,short_open
2,550112,2017-06-07 10:38:54.526,2012-02-24 00:00:00.000,0.5323,ls_turnover
3,275786,2017-06-07 10:38:54.526,2012-02-24 00:00:00.000,0.5337,long_turnover
4,274445,2017-06-07 10:38:54.526,2012-02-24 00:00:00.000,0.5311,short_turnover
0,100754,2017-06-07 10:38:55.855,2012-03-23 00:00:00.000,0.8254,long_open
1,102431,2017-06-07 10:38:55.855,2012-03-23 00:00:00.000,0.8391,short_open
2,408416,2017-06-07 10:38:55.855,2012-03-23 00:00:00.000,0.4578,ls_turnover
3,205067,2017-06-07 10:38:55.855,2012-03-23 00:00:00.000,0.4597,long_turnover
4,205859,2017-06-07 10:38:55.855,2012-03-23 00:00:00.000,0.4615,short_turnover
0,88052,2017-06-07 10:38:55.838,2012-03-30 00:00:00.000,0.8821,long_open
1,86189,2017-06-07 10:38:55.838,2012-03-30 00:00:00.000,0.8634,short_open
2,664037,2017-06-07 10:38:55.838,2012-03-30 00:00:00.000,0.5577,ls_turnover
3,332196,2017-06-07 10:38:55.838,2012-03-30 00:00:00.000,0.558,long_turnover
4,331841,2017-06-07 10:38:55.838,2012-03-30 00:00:00.000,0.5574,short_turnover
0,86217,2017-06-07 10:38:56.966,2012-04-20 00:00:00.000,0.8587,long_open
1,82272,2017-06-07 10:38:56.966,2012-04-20 00:00:00.000,0.8194,short_open
2,329956,2017-06-07 10:38:56.966,2012-04-20 00:00:00.000,0.4828,ls_turnover
3,162718,2017-06-07 10:38:56.966,2012-04-20 00:00:00.000,0.4762,long_turnover
4,167238,2017-06-07 10:38:56.966,2012-04-20 00:00:00.000,0.4894,short_turnover
0,93007,2017-06-07 10:38:56.948,2012-04-27 00:00:00.000,0.8464,long_open
1,90673,2017-06-07 10:38:56.948,2012-04-27 00:00:00.000,0.8251,short_open
2,673273,2017-06-07 10:38:56.948,2012-04-27 00:00:00.000,0.5515,ls_turnover
3,335319,2017-06-07 10:38:56.948,2012-04-27 00:00:00.000,0.5494,long_turnover
4,338074,2017-06-07 10:38:56.948,2012-04-27 00:00:00.000,0.5539,short_turnover
0,103240,2017-06-07 10:38:57.937,2012-05-18 00:00:00.000,0.834,long_open
1,108608,2017-06-07 10:38:57.937,2012-05-18 00:00:00.000,0.8773,short_open
2,486121,2017-06-07 10:38:57.937,2012-05-18 00:00:00.000,0.4851,ls_turnover
3,242309,2017-06-07 10:38:57.937,2012-05-18 00:00:00.000,0.4836,long_turnover
4,243812,2017-06-07 10:38:57.937,2012-05-18 00:00:00.000,0.4866,short_turnover
0,111598,2017-06-07 10:38:57.920,2012-05-25 00:00:00.000,0.8211,long_open
1,118845,2017-06-07 10:38:57.920,2012-05-25 00:00:00.000,0.8744,short_open
2,466955,2017-06-07 10:38:57.920,2012-05-25 00:00:00.000,0.4863,ls_turnover
3,234161,2017-06-07 10:38:57.920,2012-05-25 00:00:00.000,0.4877,long_turnover
4,235091,2017-06-07 10:38:57.920,2012-05-25 00:00:00.000,0.4896,short_turnover
0,95999,2017-06-07 10:38:59.014,2012-06-22 00:00:00.000,0.851,long_open
1,98678,2017-06-07 10:38:59.014,2012-06-22 00:00:00.000,0.8748,short_open
2,327780,2017-06-07 10:38:59.014,2012-06-22 00:00:00.000,0.4657,ls_turnover
3,165524,2017-06-07 10:38:59.014,2012-06-22 00:00:00.000,0.4703,long_turnover
4,162256,2017-06-07 10:38:59.014,2012-06-22 00:00:00.000,0.461,short_turnover
0,88482,2017-06-07 10:38:59.014,2012-06-29 00:00:00.000,0.8585,long_open
1,88946,2017-06-07 10:38:59.014,2012-06-29 00:00:00.000,0.863,short_open
2,701556,2017-06-07 10:38:59.014,2012-06-29 00:00:00.000,0.561,ls_turnover
3,351799,2017-06-07 10:38:59.014,2012-06-29 00:00:00.000,0.5626,long_turnover
4,349757,2017-06-07 10:38:59.014,2012-06-29 00:00:00.000,0.5594,short_turnover
